position,driver_number,lap_duration,meeting_key,session_key,session_name,season,meeting_name,circuit_short_name,date_start,race_key,driver,driver_full_name,team_name
1,1,89.179,1229,9468,Qualifying,2024,Bahrain Grand Prix,Sakhir,2024-03-01T16:00:00+00:00,sakhir,,,
2,16,89.407,1229,9468,Qualifying,2024,Bahrain Grand Prix,Sakhir,2024-03-01T16:00:00+00:00,sakhir,,,
3,63,89.485,1229,9468,Qualifying,2024,Bahrain Grand Prix,Sakhir,2024-03-01T16:00:00+00:00,sakhir,,,
4,55,89.507,1229,9468,Qualifying,2024,Bahrain Grand Prix,Sakhir,2024-03-01T16:00:00+00:00,sakhir,,,
5,11,89.537,1229,9468,Qualifying,2024,Bahrain Grand Prix,Sakhir,2024-03-01T16:00:00+00:00,sakhir,,,
6,14,89.542,1229,9468,Qualifying,2024,Bahrain Grand Prix,Sakhir,2024-03-01T16:00:00+00:00,sakhir,,,
7,4,89.614,1229,9468,Qualifying,2024,Bahrain Grand Prix,Sakhir,2024-03-01T16:00:00+00:00,sakhir,,,
8,81,89.683,1229,9468,Qualifying,2024,Bahrain Grand Prix,Sakhir,2024-03-01T16:00:00+00:00,sakhir,,,
9,44,89.71,1229,9468,Qualifying,2024,Bahrain Grand Prix,Sakhir,2024-03-01T16:00:00+00:00,sakhir,,,
10,27,90.502,1229,9468,Qualifying,2024,Bahrain Grand Prix,Sakhir,2024-03-01T16:00:00+00:00,sakhir,,,
11,22,90.129,1229,9468,Qualifying,2024,Bahrain Grand Prix,Sakhir,2024-03-01T16:00:00+00:00,sakhir,,,
12,18,90.2,1229,9468,Qualifying,2024,Bahrain Grand Prix,Sakhir,2024-03-01T16:00:00+00:00,sakhir,,,
13,23,90.221,1229,9468,Qualifying,2024,Bahrain Grand Prix,Sakhir,2024-03-01T16:00:00+00:00,sakhir,,,
14,3,90.278,1229,9468,Qualifying,2024,Bahrain Grand Prix,Sakhir,2024-03-01T16:00:00+00:00,sakhir,,,
15,20,90.529,1229,9468,Qualifying,2024,Bahrain Grand Prix,Sakhir,2024-03-01T16:00:00+00:00,sakhir,,,
16,77,90.756,1229,9468,Qualifying,2024,Bahrain Grand Prix,Sakhir,2024-03-01T16:00:00+00:00,sakhir,,,
17,24,90.757,1229,9468,Qualifying,2024,Bahrain Grand Prix,Sakhir,2024-03-01T16:00:00+00:00,sakhir,,,
18,2,90.77,1229,9468,Qualifying,2024,Bahrain Grand Prix,Sakhir,2024-03-01T16:00:00+00:00,sakhir,,,
19,31,90.793,1229,9468,Qualifying,2024,Bahrain Grand Prix,Sakhir,2024-03-01T16:00:00+00:00,sakhir,,,
20,10,90.948,1229,9468,Qualifying,2024,Bahrain Grand Prix,Sakhir,2024-03-01T16:00:00+00:00,sakhir,,,
1,1,87.472,1230,9476,Qualifying,2024,Saudi Arabian Grand Prix,Jeddah,2024-03-08T17:00:00+00:00,jeddah,,,
2,16,87.791,1230,9476,Qualifying,2024,Saudi Arabian Grand Prix,Jeddah,2024-03-08T17:00:00+00:00,jeddah,,,
3,11,87.807,1230,9476,Qualifying,2024,Saudi Arabian Grand Prix,Jeddah,2024-03-08T17:00:00+00:00,jeddah,,,
4,14,87.846,1230,9476,Qualifying,2024,Saudi Arabian Grand Prix,Jeddah,2024-03-08T17:00:00+00:00,jeddah,,,
5,81,88.089,1230,9476,Qualifying,2024,Saudi Arabian Grand Prix,Jeddah,2024-03-08T17:00:00+00:00,jeddah,,,
6,4,88.132,1230,9476,Qualifying,2024,Saudi Arabian Grand Prix,Jeddah,2024-03-08T17:00:00+00:00,jeddah,,,
7,63,88.316,1230,9476,Qualifying,2024,Saudi Arabian Grand Prix,Jeddah,2024-03-08T17:00:00+00:00,jeddah,,,
8,44,88.46,1230,9476,Qualifying,2024,Saudi Arabian Grand Prix,Jeddah,2024-03-08T17:00:00+00:00,jeddah,,,
9,22,88.547,1230,9476,Qualifying,2024,Saudi Arabian Grand Prix,Jeddah,2024-03-08T17:00:00+00:00,jeddah,,,
10,18,88.572,1230,9476,Qualifying,2024,Saudi Arabian Grand Prix,Jeddah,2024-03-08T17:00:00+00:00,jeddah,,,
11,38,88.642,1230,9476,Qualifying,2024,Saudi Arabian Grand Prix,Jeddah,2024-03-08T17:00:00+00:00,jeddah,,,
12,23,88.98,1230,9476,Qualifying,2024,Saudi Arabian Grand Prix,Jeddah,2024-03-08T17:00:00+00:00,jeddah,,,
13,20,89.02,1230,9476,Qualifying,2024,Saudi Arabian Grand Prix,Jeddah,2024-03-08T17:00:00+00:00,jeddah,,,
14,3,89.025,1230,9476,Qualifying,2024,Saudi Arabian Grand Prix,Jeddah,2024-03-08T17:00:00+00:00,jeddah,,,
15,27,,1230,9476,Qualifying,2024,Saudi Arabian Grand Prix,Jeddah,2024-03-08T17:00:00+00:00,jeddah,,,
16,77,89.179,1230,9476,Qualifying,2024,Saudi Arabian Grand Prix,Jeddah,2024-03-08T17:00:00+00:00,jeddah,,,
17,31,89.475,1230,9476,Qualifying,2024,Saudi Arabian Grand Prix,Jeddah,2024-03-08T17:00:00+00:00,jeddah,,,
18,10,89.479,1230,9476,Qualifying,2024,Saudi Arabian Grand Prix,Jeddah,2024-03-08T17:00:00+00:00,jeddah,,,
19,2,89.526,1230,9476,Qualifying,2024,Saudi Arabian Grand Prix,Jeddah,2024-03-08T17:00:00+00:00,jeddah,,,
20,24,,1230,9476,Qualifying,2024,Saudi Arabian Grand Prix,Jeddah,2024-03-08T17:00:00+00:00,jeddah,,,
1,1,75.915,1231,9484,Qualifying,2024,Australian Grand Prix,Melbourne,2024-03-23T05:00:00+00:00,melbourne,,,
2,55,76.185,1231,9484,Qualifying,2024,Australian Grand Prix,Melbourne,2024-03-23T05:00:00+00:00,melbourne,,,
3,4,76.315,1231,9484,Qualifying,2024,Australian Grand Prix,Melbourne,2024-03-23T05:00:00+00:00,melbourne,,,
4,16,76.435,1231,9484,Qualifying,2024,Australian Grand Prix,Melbourne,2024-03-23T05:00:00+00:00,melbourne,,,
5,81,76.572,1231,9484,Qualifying,2024,Australian Grand Prix,Melbourne,2024-03-23T05:00:00+00:00,melbourne,,,
6,11,76.274,1231,9484,Qualifying,2024,Australian Grand Prix,Melbourne,2024-03-23T05:00:00+00:00,melbourne,,,
7,63,76.724,1231,9484,Qualifying,2024,Australian Grand Prix,Melbourne,2024-03-23T05:00:00+00:00,melbourne,,,
8,22,76.788,1231,9484,Qualifying,2024,Australian Grand Prix,Melbourne,2024-03-23T05:00:00+00:00,melbourne,,,
9,18,77.072,1231,9484,Qualifying,2024,Australian Grand Prix,Melbourne,2024-03-23T05:00:00+00:00,melbourne,,,
10,14,77.552,1231,9484,Qualifying,2024,Australian Grand Prix,Melbourne,2024-03-23T05:00:00+00:00,melbourne,,,
11,44,76.96,1231,9484,Qualifying,2024,Australian Grand Prix,Melbourne,2024-03-23T05:00:00+00:00,melbourne,,,
12,23,77.167,1231,9484,Qualifying,2024,Australian Grand Prix,Melbourne,2024-03-23T05:00:00+00:00,melbourne,,,
13,77,77.34,1231,9484,Qualifying,2024,Australian Grand Prix,Melbourne,2024-03-23T05:00:00+00:00,melbourne,,,
14,20,77.427,1231,9484,Qualifying,2024,Australian Grand Prix,Melbourne,2024-03-23T05:00:00+00:00,melbourne,,,
15,31,77.697,1231,9484,Qualifying,2024,Australian Grand Prix,Melbourne,2024-03-23T05:00:00+00:00,melbourne,,,
16,27,77.976,1231,9484,Qualifying,2024,Australian Grand Prix,Melbourne,2024-03-23T05:00:00+00:00,melbourne,,,
17,10,77.982,1231,9484,Qualifying,2024,Australian Grand Prix,Melbourne,2024-03-23T05:00:00+00:00,melbourne,,,
18,3,78.085,1231,9484,Qualifying,2024,Australian Grand Prix,Melbourne,2024-03-23T05:00:00+00:00,melbourne,,,
19,24,78.188,1231,9484,Qualifying,2024,Australian Grand Prix,Melbourne,2024-03-23T05:00:00+00:00,melbourne,,,
1,1,88.197,1232,9492,Qualifying,2024,Japanese Grand Prix,Suzuka,2024-04-06T06:00:00+00:00,suzuka,,,
2,11,88.263,1232,9492,Qualifying,2024,Japanese Grand Prix,Suzuka,2024-04-06T06:00:00+00:00,suzuka,,,
3,4,88.489,1232,9492,Qualifying,2024,Japanese Grand Prix,Suzuka,2024-04-06T06:00:00+00:00,suzuka,,,
4,55,88.682,1232,9492,Qualifying,2024,Japanese Grand Prix,Suzuka,2024-04-06T06:00:00+00:00,suzuka,,,
5,14,88.686,1232,9492,Qualifying,2024,Japanese Grand Prix,Suzuka,2024-04-06T06:00:00+00:00,suzuka,,,
6,81,88.76,1232,9492,Qualifying,2024,Japanese Grand Prix,Suzuka,2024-04-06T06:00:00+00:00,suzuka,,,
7,44,88.766,1232,9492,Qualifying,2024,Japanese Grand Prix,Suzuka,2024-04-06T06:00:00+00:00,suzuka,,,
8,16,88.786,1232,9492,Qualifying,2024,Japanese Grand Prix,Suzuka,2024-04-06T06:00:00+00:00,suzuka,,,
9,63,89.008,1232,9492,Qualifying,2024,Japanese Grand Prix,Suzuka,2024-04-06T06:00:00+00:00,suzuka,,,
10,22,89.413,1232,9492,Qualifying,2024,Japanese Grand Prix,Suzuka,2024-04-06T06:00:00+00:00,suzuka,,,
11,3,89.472,1232,9492,Qualifying,2024,Japanese Grand Prix,Suzuka,2024-04-06T06:00:00+00:00,suzuka,,,
12,27,89.494,1232,9492,Qualifying,2024,Japanese Grand Prix,Suzuka,2024-04-06T06:00:00+00:00,suzuka,,,
13,77,89.593,1232,9492,Qualifying,2024,Japanese Grand Prix,Suzuka,2024-04-06T06:00:00+00:00,suzuka,,,
14,23,89.714,1232,9492,Qualifying,2024,Japanese Grand Prix,Suzuka,2024-04-06T06:00:00+00:00,suzuka,,,
15,31,89.816,1232,9492,Qualifying,2024,Japanese Grand Prix,Suzuka,2024-04-06T06:00:00+00:00,suzuka,,,
16,18,90.024,1232,9492,Qualifying,2024,Japanese Grand Prix,Suzuka,2024-04-06T06:00:00+00:00,suzuka,,,
17,10,90.119,1232,9492,Qualifying,2024,Japanese Grand Prix,Suzuka,2024-04-06T06:00:00+00:00,suzuka,,,
18,20,90.131,1232,9492,Qualifying,2024,Japanese Grand Prix,Suzuka,2024-04-06T06:00:00+00:00,suzuka,,,
19,2,90.139,1232,9492,Qualifying,2024,Japanese Grand Prix,Suzuka,2024-04-06T06:00:00+00:00,suzuka,,,
20,24,90.143,1232,9492,Qualifying,2024,Japanese Grand Prix,Suzuka,2024-04-06T06:00:00+00:00,suzuka,,,
1,1,93.66,1233,9664,Qualifying,2024,Chinese Grand Prix,Shanghai,2024-04-20T07:00:00+00:00,shanghai,,,
2,11,93.982,1233,9664,Qualifying,2024,Chinese Grand Prix,Shanghai,2024-04-20T07:00:00+00:00,shanghai,,,
3,14,94.148,1233,9664,Qualifying,2024,Chinese Grand Prix,Shanghai,2024-04-20T07:00:00+00:00,shanghai,,,
4,4,94.165,1233,9664,Qualifying,2024,Chinese Grand Prix,Shanghai,2024-04-20T07:00:00+00:00,shanghai,,,
5,81,94.273,1233,9664,Qualifying,2024,Chinese Grand Prix,Shanghai,2024-04-20T07:00:00+00:00,shanghai,,,
6,16,94.289,1233,9664,Qualifying,2024,Chinese Grand Prix,Shanghai,2024-04-20T07:00:00+00:00,shanghai,,,
7,55,94.297,1233,9664,Qualifying,2024,Chinese Grand Prix,Shanghai,2024-04-20T07:00:00+00:00,shanghai,,,
8,63,94.433,1233,9664,Qualifying,2024,Chinese Grand Prix,Shanghai,2024-04-20T07:00:00+00:00,shanghai,,,
9,27,94.604,1233,9664,Qualifying,2024,Chinese Grand Prix,Shanghai,2024-04-20T07:00:00+00:00,shanghai,,,
10,77,94.665,1233,9664,Qualifying,2024,Chinese Grand Prix,Shanghai,2024-04-20T07:00:00+00:00,shanghai,,,
11,18,94.838,1233,9664,Qualifying,2024,Chinese Grand Prix,Shanghai,2024-04-20T07:00:00+00:00,shanghai,,,
12,3,94.934,1233,9664,Qualifying,2024,Chinese Grand Prix,Shanghai,2024-04-20T07:00:00+00:00,shanghai,,,
13,31,95.223,1233,9664,Qualifying,2024,Chinese Grand Prix,Shanghai,2024-04-20T07:00:00+00:00,shanghai,,,
14,23,95.241,1233,9664,Qualifying,2024,Chinese Grand Prix,Shanghai,2024-04-20T07:00:00+00:00,shanghai,,,
15,10,95.463,1233,9664,Qualifying,2024,Chinese Grand Prix,Shanghai,2024-04-20T07:00:00+00:00,shanghai,,,
16,24,95.505,1233,9664,Qualifying,2024,Chinese Grand Prix,Shanghai,2024-04-20T07:00:00+00:00,shanghai,,,
17,20,95.516,1233,9664,Qualifying,2024,Chinese Grand Prix,Shanghai,2024-04-20T07:00:00+00:00,shanghai,,,
18,44,95.573,1233,9664,Qualifying,2024,Chinese Grand Prix,Shanghai,2024-04-20T07:00:00+00:00,shanghai,,,
19,22,95.746,1233,9664,Qualifying,2024,Chinese Grand Prix,Shanghai,2024-04-20T07:00:00+00:00,shanghai,,,
20,2,96.358,1233,9664,Qualifying,2024,Chinese Grand Prix,Shanghai,2024-04-20T07:00:00+00:00,shanghai,,,
1,1,87.241,1234,9498,Qualifying,2024,Miami Grand Prix,Miami,2024-05-04T20:00:00+00:00,miami,,,
2,16,87.382,1234,9498,Qualifying,2024,Miami Grand Prix,Miami,2024-05-04T20:00:00+00:00,miami,,,
3,55,87.455,1234,9498,Qualifying,2024,Miami Grand Prix,Miami,2024-05-04T20:00:00+00:00,miami,,,
4,11,87.46,1234,9498,Qualifying,2024,Miami Grand Prix,Miami,2024-05-04T20:00:00+00:00,miami,,,
5,4,87.594,1234,9498,Qualifying,2024,Miami Grand Prix,Miami,2024-05-04T20:00:00+00:00,miami,,,
6,81,87.675,1234,9498,Qualifying,2024,Miami Grand Prix,Miami,2024-05-04T20:00:00+00:00,miami,,,
7,63,88.067,1234,9498,Qualifying,2024,Miami Grand Prix,Miami,2024-05-04T20:00:00+00:00,miami,,,
8,44,88.107,1234,9498,Qualifying,2024,Miami Grand Prix,Miami,2024-05-04T20:00:00+00:00,miami,,,
9,27,88.146,1234,9498,Qualifying,2024,Miami Grand Prix,Miami,2024-05-04T20:00:00+00:00,miami,,,
10,22,88.192,1234,9498,Qualifying,2024,Miami Grand Prix,Miami,2024-05-04T20:00:00+00:00,miami,,,
11,18,88.222,1234,9498,Qualifying,2024,Miami Grand Prix,Miami,2024-05-04T20:00:00+00:00,miami,,,
12,10,88.324,1234,9498,Qualifying,2024,Miami Grand Prix,Miami,2024-05-04T20:00:00+00:00,miami,,,
13,31,88.371,1234,9498,Qualifying,2024,Miami Grand Prix,Miami,2024-05-04T20:00:00+00:00,miami,,,
14,23,88.413,1234,9498,Qualifying,2024,Miami Grand Prix,Miami,2024-05-04T20:00:00+00:00,miami,,,
15,14,88.427,1234,9498,Qualifying,2024,Miami Grand Prix,Miami,2024-05-04T20:00:00+00:00,miami,,,
16,77,88.463,1234,9498,Qualifying,2024,Miami Grand Prix,Miami,2024-05-04T20:00:00+00:00,miami,,,
17,2,88.487,1234,9498,Qualifying,2024,Miami Grand Prix,Miami,2024-05-04T20:00:00+00:00,miami,,,
18,20,88.619,1234,9498,Qualifying,2024,Miami Grand Prix,Miami,2024-05-04T20:00:00+00:00,miami,,,
19,24,88.824,1234,9498,Qualifying,2024,Miami Grand Prix,Miami,2024-05-04T20:00:00+00:00,miami,,,
20,3,88.617,1234,9498,Qualifying,2024,Miami Grand Prix,Miami,2024-05-04T20:00:00+00:00,miami,,,
1,1,74.746,1235,9511,Qualifying,2024,Emilia Romagna Grand Prix,Imola,2024-05-18T14:00:00+00:00,imola,,,
2,4,74.837,1235,9511,Qualifying,2024,Emilia Romagna Grand Prix,Imola,2024-05-18T14:00:00+00:00,imola,,,
3,16,74.97,1235,9511,Qualifying,2024,Emilia Romagna Grand Prix,Imola,2024-05-18T14:00:00+00:00,imola,,,
4,55,75.233,1235,9511,Qualifying,2024,Emilia Romagna Grand Prix,Imola,2024-05-18T14:00:00+00:00,imola,,,
5,81,74.82,1235,9511,Qualifying,2024,Emilia Romagna Grand Prix,Imola,2024-05-18T14:00:00+00:00,imola,,,
6,63,75.234,1235,9511,Qualifying,2024,Emilia Romagna Grand Prix,Imola,2024-05-18T14:00:00+00:00,imola,,,
7,22,75.465,1235,9511,Qualifying,2024,Emilia Romagna Grand Prix,Imola,2024-05-18T14:00:00+00:00,imola,,,
8,44,75.504,1235,9511,Qualifying,2024,Emilia Romagna Grand Prix,Imola,2024-05-18T14:00:00+00:00,imola,,,
9,3,75.674,1235,9511,Qualifying,2024,Emilia Romagna Grand Prix,Imola,2024-05-18T14:00:00+00:00,imola,,,
10,27,75.98,1235,9511,Qualifying,2024,Emilia Romagna Grand Prix,Imola,2024-05-18T14:00:00+00:00,imola,,,
11,11,75.706,1235,9511,Qualifying,2024,Emilia Romagna Grand Prix,Imola,2024-05-18T14:00:00+00:00,imola,,,
12,31,75.906,1235,9511,Qualifying,2024,Emilia Romagna Grand Prix,Imola,2024-05-18T14:00:00+00:00,imola,,,
13,18,75.992,1235,9511,Qualifying,2024,Emilia Romagna Grand Prix,Imola,2024-05-18T14:00:00+00:00,imola,,,
14,23,76.2,1235,9511,Qualifying,2024,Emilia Romagna Grand Prix,Imola,2024-05-18T14:00:00+00:00,imola,,,
15,10,76.381,1235,9511,Qualifying,2024,Emilia Romagna Grand Prix,Imola,2024-05-18T14:00:00+00:00,imola,,,
16,77,76.626,1235,9511,Qualifying,2024,Emilia Romagna Grand Prix,Imola,2024-05-18T14:00:00+00:00,imola,,,
17,24,76.834,1235,9511,Qualifying,2024,Emilia Romagna Grand Prix,Imola,2024-05-18T14:00:00+00:00,imola,,,
18,20,76.854,1235,9511,Qualifying,2024,Emilia Romagna Grand Prix,Imola,2024-05-18T14:00:00+00:00,imola,,,
19,2,,1235,9511,Qualifying,2024,Emilia Romagna Grand Prix,Imola,2024-05-18T14:00:00+00:00,imola,,,
20,14,76.917,1235,9511,Qualifying,2024,Emilia Romagna Grand Prix,Imola,2024-05-18T14:00:00+00:00,imola,,,
1,16,70.27,1236,9519,Qualifying,2024,Monaco Grand Prix,Monte Carlo,2024-05-25T14:00:00+00:00,monte carlo,,,
2,81,70.424,1236,9519,Qualifying,2024,Monaco Grand Prix,Monte Carlo,2024-05-25T14:00:00+00:00,monte carlo,,,
3,55,70.518,1236,9519,Qualifying,2024,Monaco Grand Prix,Monte Carlo,2024-05-25T14:00:00+00:00,monte carlo,,,
4,4,70.542,1236,9519,Qualifying,2024,Monaco Grand Prix,Monte Carlo,2024-05-25T14:00:00+00:00,monte carlo,,,
5,63,70.543,1236,9519,Qualifying,2024,Monaco Grand Prix,Monte Carlo,2024-05-25T14:00:00+00:00,monte carlo,,,
6,1,70.567,1236,9519,Qualifying,2024,Monaco Grand Prix,Monte Carlo,2024-05-25T14:00:00+00:00,monte carlo,,,
7,44,70.621,1236,9519,Qualifying,2024,Monaco Grand Prix,Monte Carlo,2024-05-25T14:00:00+00:00,monte carlo,,,
8,22,70.858,1236,9519,Qualifying,2024,Monaco Grand Prix,Monte Carlo,2024-05-25T14:00:00+00:00,monte carlo,,,
9,23,70.948,1236,9519,Qualifying,2024,Monaco Grand Prix,Monte Carlo,2024-05-25T14:00:00+00:00,monte carlo,,,
10,10,71.311,1236,9519,Qualifying,2024,Monaco Grand Prix,Monte Carlo,2024-05-25T14:00:00+00:00,monte carlo,,,
11,31,71.285,1236,9519,Qualifying,2024,Monaco Grand Prix,Monte Carlo,2024-05-25T14:00:00+00:00,monte carlo,,,
12,3,71.482,1236,9519,Qualifying,2024,Monaco Grand Prix,Monte Carlo,2024-05-25T14:00:00+00:00,monte carlo,,,
13,18,71.563,1236,9519,Qualifying,2024,Monaco Grand Prix,Monte Carlo,2024-05-25T14:00:00+00:00,monte carlo,,,
14,14,72.019,1236,9519,Qualifying,2024,Monaco Grand Prix,Monte Carlo,2024-05-25T14:00:00+00:00,monte carlo,,,
15,2,72.02,1236,9519,Qualifying,2024,Monaco Grand Prix,Monte Carlo,2024-05-25T14:00:00+00:00,monte carlo,,,
16,11,72.06,1236,9519,Qualifying,2024,Monaco Grand Prix,Monte Carlo,2024-05-25T14:00:00+00:00,monte carlo,,,
17,77,72.512,1236,9519,Qualifying,2024,Monaco Grand Prix,Monte Carlo,2024-05-25T14:00:00+00:00,monte carlo,,,
18,24,73.028,1236,9519,Qualifying,2024,Monaco Grand Prix,Monte Carlo,2024-05-25T14:00:00+00:00,monte carlo,,,
19,27,,1236,9519,Qualifying,2024,Monaco Grand Prix,Monte Carlo,2024-05-25T14:00:00+00:00,monte carlo,,,
20,20,,1236,9519,Qualifying,2024,Monaco Grand Prix,Monte Carlo,2024-05-25T14:00:00+00:00,monte carlo,,,
1,63,72.0,1237,9527,Qualifying,2024,Canadian Grand Prix,Montreal,2024-06-08T20:00:00+00:00,montreal,,,
2,1,72.0,1237,9527,Qualifying,2024,Canadian Grand Prix,Montreal,2024-06-08T20:00:00+00:00,montreal,,,
3,4,72.021,1237,9527,Qualifying,2024,Canadian Grand Prix,Montreal,2024-06-08T20:00:00+00:00,montreal,,,
4,81,72.103,1237,9527,Qualifying,2024,Canadian Grand Prix,Montreal,2024-06-08T20:00:00+00:00,montreal,,,
5,3,72.178,1237,9527,Qualifying,2024,Canadian Grand Prix,Montreal,2024-06-08T20:00:00+00:00,montreal,,,
6,14,72.228,1237,9527,Qualifying,2024,Canadian Grand Prix,Montreal,2024-06-08T20:00:00+00:00,montreal,,,
7,44,72.28,1237,9527,Qualifying,2024,Canadian Grand Prix,Montreal,2024-06-08T20:00:00+00:00,montreal,,,
8,22,72.414,1237,9527,Qualifying,2024,Canadian Grand Prix,Montreal,2024-06-08T20:00:00+00:00,montreal,,,
9,18,72.701,1237,9527,Qualifying,2024,Canadian Grand Prix,Montreal,2024-06-08T20:00:00+00:00,montreal,,,
10,23,72.796,1237,9527,Qualifying,2024,Canadian Grand Prix,Montreal,2024-06-08T20:00:00+00:00,montreal,,,
11,16,72.691,1237,9527,Qualifying,2024,Canadian Grand Prix,Montreal,2024-06-08T20:00:00+00:00,montreal,,,
12,55,72.728,1237,9527,Qualifying,2024,Canadian Grand Prix,Montreal,2024-06-08T20:00:00+00:00,montreal,,,
13,2,72.736,1237,9527,Qualifying,2024,Canadian Grand Prix,Montreal,2024-06-08T20:00:00+00:00,montreal,,,
14,20,72.916,1237,9527,Qualifying,2024,Canadian Grand Prix,Montreal,2024-06-08T20:00:00+00:00,montreal,,,
15,10,72.94,1237,9527,Qualifying,2024,Canadian Grand Prix,Montreal,2024-06-08T20:00:00+00:00,montreal,,,
16,11,73.326,1237,9527,Qualifying,2024,Canadian Grand Prix,Montreal,2024-06-08T20:00:00+00:00,montreal,,,
17,27,73.978,1237,9527,Qualifying,2024,Canadian Grand Prix,Montreal,2024-06-08T20:00:00+00:00,montreal,,,
18,31,73.435,1237,9527,Qualifying,2024,Canadian Grand Prix,Montreal,2024-06-08T20:00:00+00:00,montreal,,,
19,77,73.366,1237,9527,Qualifying,2024,Canadian Grand Prix,Montreal,2024-06-08T20:00:00+00:00,montreal,,,
20,24,74.292,1237,9527,Qualifying,2024,Canadian Grand Prix,Montreal,2024-06-08T20:00:00+00:00,montreal,,,
1,4,71.383,1238,9535,Qualifying,2024,Spanish Grand Prix,Catalunya,2024-06-22T14:00:00+00:00,catalunya,,,
2,1,71.403,1238,9535,Qualifying,2024,Spanish Grand Prix,Catalunya,2024-06-22T14:00:00+00:00,catalunya,,,
3,44,71.701,1238,9535,Qualifying,2024,Spanish Grand Prix,Catalunya,2024-06-22T14:00:00+00:00,catalunya,,,
4,63,71.703,1238,9535,Qualifying,2024,Spanish Grand Prix,Catalunya,2024-06-22T14:00:00+00:00,catalunya,,,
5,16,71.731,1238,9535,Qualifying,2024,Spanish Grand Prix,Catalunya,2024-06-22T14:00:00+00:00,catalunya,,,
6,55,71.736,1238,9535,Qualifying,2024,Spanish Grand Prix,Catalunya,2024-06-22T14:00:00+00:00,catalunya,,,
7,10,71.857,1238,9535,Qualifying,2024,Spanish Grand Prix,Catalunya,2024-06-22T14:00:00+00:00,catalunya,,,
8,31,72.125,1238,9535,Qualifying,2024,Spanish Grand Prix,Catalunya,2024-06-22T14:00:00+00:00,catalunya,,,
9,81,,1238,9535,Qualifying,2024,Spanish Grand Prix,Catalunya,2024-06-22T14:00:00+00:00,catalunya,,,
10,14,72.128,1238,9535,Qualifying,2024,Spanish Grand Prix,Catalunya,2024-06-22T14:00:00+00:00,catalunya,,,
11,11,72.061,1238,9535,Qualifying,2024,Spanish Grand Prix,Catalunya,2024-06-22T14:00:00+00:00,catalunya,,,
12,77,72.227,1238,9535,Qualifying,2024,Spanish Grand Prix,Catalunya,2024-06-22T14:00:00+00:00,catalunya,,,
13,27,72.31,1238,9535,Qualifying,2024,Spanish Grand Prix,Catalunya,2024-06-22T14:00:00+00:00,catalunya,,,
14,18,72.372,1238,9535,Qualifying,2024,Spanish Grand Prix,Catalunya,2024-06-22T14:00:00+00:00,catalunya,,,
15,24,72.738,1238,9535,Qualifying,2024,Spanish Grand Prix,Catalunya,2024-06-22T14:00:00+00:00,catalunya,,,
16,20,72.937,1238,9535,Qualifying,2024,Spanish Grand Prix,Catalunya,2024-06-22T14:00:00+00:00,catalunya,,,
17,22,72.985,1238,9535,Qualifying,2024,Spanish Grand Prix,Catalunya,2024-06-22T14:00:00+00:00,catalunya,,,
18,3,73.075,1238,9535,Qualifying,2024,Spanish Grand Prix,Catalunya,2024-06-22T14:00:00+00:00,catalunya,,,
19,2,73.509,1238,9535,Qualifying,2024,Spanish Grand Prix,Catalunya,2024-06-22T14:00:00+00:00,catalunya,,,
20,23,73.153,1238,9535,Qualifying,2024,Spanish Grand Prix,Catalunya,2024-06-22T14:00:00+00:00,catalunya,,,
1,1,64.314,1239,9541,Qualifying,2024,Austrian Grand Prix,Spielberg,2024-06-29T14:00:00+00:00,spielberg,,,
2,4,64.718,1239,9541,Qualifying,2024,Austrian Grand Prix,Spielberg,2024-06-29T14:00:00+00:00,spielberg,,,
3,63,64.84,1239,9541,Qualifying,2024,Austrian Grand Prix,Spielberg,2024-06-29T14:00:00+00:00,spielberg,,,
4,55,64.851,1239,9541,Qualifying,2024,Austrian Grand Prix,Spielberg,2024-06-29T14:00:00+00:00,spielberg,,,
5,44,64.903,1239,9541,Qualifying,2024,Austrian Grand Prix,Spielberg,2024-06-29T14:00:00+00:00,spielberg,,,
6,16,65.044,1239,9541,Qualifying,2024,Austrian Grand Prix,Spielberg,2024-06-29T14:00:00+00:00,spielberg,,,
7,81,65.048,1239,9541,Qualifying,2024,Austrian Grand Prix,Spielberg,2024-06-29T14:00:00+00:00,spielberg,,,
8,11,65.202,1239,9541,Qualifying,2024,Austrian Grand Prix,Spielberg,2024-06-29T14:00:00+00:00,spielberg,,,
9,27,65.385,1239,9541,Qualifying,2024,Austrian Grand Prix,Spielberg,2024-06-29T14:00:00+00:00,spielberg,,,
10,31,65.883,1239,9541,Qualifying,2024,Austrian Grand Prix,Spielberg,2024-06-29T14:00:00+00:00,spielberg,,,
11,3,65.289,1239,9541,Qualifying,2024,Austrian Grand Prix,Spielberg,2024-06-29T14:00:00+00:00,spielberg,,,
12,20,65.347,1239,9541,Qualifying,2024,Austrian Grand Prix,Spielberg,2024-06-29T14:00:00+00:00,spielberg,,,
13,10,65.359,1239,9541,Qualifying,2024,Austrian Grand Prix,Spielberg,2024-06-29T14:00:00+00:00,spielberg,,,
14,22,65.412,1239,9541,Qualifying,2024,Austrian Grand Prix,Spielberg,2024-06-29T14:00:00+00:00,spielberg,,,
15,14,65.639,1239,9541,Qualifying,2024,Austrian Grand Prix,Spielberg,2024-06-29T14:00:00+00:00,spielberg,,,
16,23,65.736,1239,9541,Qualifying,2024,Austrian Grand Prix,Spielberg,2024-06-29T14:00:00+00:00,spielberg,,,
17,18,65.819,1239,9541,Qualifying,2024,Austrian Grand Prix,Spielberg,2024-06-29T14:00:00+00:00,spielberg,,,
18,77,65.847,1239,9541,Qualifying,2024,Austrian Grand Prix,Spielberg,2024-06-29T14:00:00+00:00,spielberg,,,
19,2,65.856,1239,9541,Qualifying,2024,Austrian Grand Prix,Spielberg,2024-06-29T14:00:00+00:00,spielberg,,,
20,24,66.061,1239,9541,Qualifying,2024,Austrian Grand Prix,Spielberg,2024-06-29T14:00:00+00:00,spielberg,,,
1,63,85.819,1240,9554,Qualifying,2024,British Grand Prix,Silverstone,2024-07-06T14:00:00+00:00,silverstone,,,
2,44,85.99,1240,9554,Qualifying,2024,British Grand Prix,Silverstone,2024-07-06T14:00:00+00:00,silverstone,,,
3,4,86.03,1240,9554,Qualifying,2024,British Grand Prix,Silverstone,2024-07-06T14:00:00+00:00,silverstone,,,
4,1,86.203,1240,9554,Qualifying,2024,British Grand Prix,Silverstone,2024-07-06T14:00:00+00:00,silverstone,,,
5,81,86.237,1240,9554,Qualifying,2024,British Grand Prix,Silverstone,2024-07-06T14:00:00+00:00,silverstone,,,
6,27,86.338,1240,9554,Qualifying,2024,British Grand Prix,Silverstone,2024-07-06T14:00:00+00:00,silverstone,,,
7,55,86.509,1240,9554,Qualifying,2024,British Grand Prix,Silverstone,2024-07-06T14:00:00+00:00,silverstone,,,
8,18,86.585,1240,9554,Qualifying,2024,British Grand Prix,Silverstone,2024-07-06T14:00:00+00:00,silverstone,,,
9,23,86.64,1240,9554,Qualifying,2024,British Grand Prix,Silverstone,2024-07-06T14:00:00+00:00,silverstone,,,
10,14,86.917,1240,9554,Qualifying,2024,British Grand Prix,Silverstone,2024-07-06T14:00:00+00:00,silverstone,,,
11,16,87.097,1240,9554,Qualifying,2024,British Grand Prix,Silverstone,2024-07-06T14:00:00+00:00,silverstone,,,
12,2,87.175,1240,9554,Qualifying,2024,British Grand Prix,Silverstone,2024-07-06T14:00:00+00:00,silverstone,,,
13,22,87.269,1240,9554,Qualifying,2024,British Grand Prix,Silverstone,2024-07-06T14:00:00+00:00,silverstone,,,
14,24,87.867,1240,9554,Qualifying,2024,British Grand Prix,Silverstone,2024-07-06T14:00:00+00:00,silverstone,,,
15,3,87.949,1240,9554,Qualifying,2024,British Grand Prix,Silverstone,2024-07-06T14:00:00+00:00,silverstone,,,
16,77,92.431,1240,9554,Qualifying,2024,British Grand Prix,Silverstone,2024-07-06T14:00:00+00:00,silverstone,,,
17,20,92.905,1240,9554,Qualifying,2024,British Grand Prix,Silverstone,2024-07-06T14:00:00+00:00,silverstone,,,
18,31,94.557,1240,9554,Qualifying,2024,British Grand Prix,Silverstone,2024-07-06T14:00:00+00:00,silverstone,,,
19,11,98.348,1240,9554,Qualifying,2024,British Grand Prix,Silverstone,2024-07-06T14:00:00+00:00,silverstone,,,
20,10,99.804,1240,9554,Qualifying,2024,British Grand Prix,Silverstone,2024-07-06T14:00:00+00:00,silverstone,,,
1,4,75.227,1241,9562,Qualifying,2024,Hungarian Grand Prix,Hungaroring,2024-07-20T14:00:00+00:00,hungaroring,,,
2,81,75.249,1241,9562,Qualifying,2024,Hungarian Grand Prix,Hungaroring,2024-07-20T14:00:00+00:00,hungaroring,,,
3,1,75.273,1241,9562,Qualifying,2024,Hungarian Grand Prix,Hungaroring,2024-07-20T14:00:00+00:00,hungaroring,,,
4,55,75.696,1241,9562,Qualifying,2024,Hungarian Grand Prix,Hungaroring,2024-07-20T14:00:00+00:00,hungaroring,,,
5,44,75.854,1241,9562,Qualifying,2024,Hungarian Grand Prix,Hungaroring,2024-07-20T14:00:00+00:00,hungaroring,,,
6,16,75.905,1241,9562,Qualifying,2024,Hungarian Grand Prix,Hungaroring,2024-07-20T14:00:00+00:00,hungaroring,,,
7,14,76.043,1241,9562,Qualifying,2024,Hungarian Grand Prix,Hungaroring,2024-07-20T14:00:00+00:00,hungaroring,,,
8,18,76.244,1241,9562,Qualifying,2024,Hungarian Grand Prix,Hungaroring,2024-07-20T14:00:00+00:00,hungaroring,,,
9,3,76.447,1241,9562,Qualifying,2024,Hungarian Grand Prix,Hungaroring,2024-07-20T14:00:00+00:00,hungaroring,,,
10,22,76.477,1241,9562,Qualifying,2024,Hungarian Grand Prix,Hungaroring,2024-07-20T14:00:00+00:00,hungaroring,,,
11,27,76.317,1241,9562,Qualifying,2024,Hungarian Grand Prix,Hungaroring,2024-07-20T14:00:00+00:00,hungaroring,,,
12,77,76.384,1241,9562,Qualifying,2024,Hungarian Grand Prix,Hungaroring,2024-07-20T14:00:00+00:00,hungaroring,,,
13,23,76.429,1241,9562,Qualifying,2024,Hungarian Grand Prix,Hungaroring,2024-07-20T14:00:00+00:00,hungaroring,,,
14,2,76.543,1241,9562,Qualifying,2024,Hungarian Grand Prix,Hungaroring,2024-07-20T14:00:00+00:00,hungaroring,,,
15,20,76.548,1241,9562,Qualifying,2024,Hungarian Grand Prix,Hungaroring,2024-07-20T14:00:00+00:00,hungaroring,,,
16,11,77.886,1241,9562,Qualifying,2024,Hungarian Grand Prix,Hungaroring,2024-07-20T14:00:00+00:00,hungaroring,,,
17,63,77.968,1241,9562,Qualifying,2024,Hungarian Grand Prix,Hungaroring,2024-07-20T14:00:00+00:00,hungaroring,,,
18,24,78.037,1241,9562,Qualifying,2024,Hungarian Grand Prix,Hungaroring,2024-07-20T14:00:00+00:00,hungaroring,,,
19,31,78.049,1241,9562,Qualifying,2024,Hungarian Grand Prix,Hungaroring,2024-07-20T14:00:00+00:00,hungaroring,,,
20,10,78.166,1241,9562,Qualifying,2024,Hungarian Grand Prix,Hungaroring,2024-07-20T14:00:00+00:00,hungaroring,,,
1,16,113.754,1242,9570,Qualifying,2024,Belgian Grand Prix,Spa-Francorchamps,2024-07-27T14:00:00+00:00,spa francorchamps,,,
2,11,113.765,1242,9570,Qualifying,2024,Belgian Grand Prix,Spa-Francorchamps,2024-07-27T14:00:00+00:00,spa francorchamps,,,
3,44,113.835,1242,9570,Qualifying,2024,Belgian Grand Prix,Spa-Francorchamps,2024-07-27T14:00:00+00:00,spa francorchamps,,,
4,4,113.981,1242,9570,Qualifying,2024,Belgian Grand Prix,Spa-Francorchamps,2024-07-27T14:00:00+00:00,spa francorchamps,,,
5,81,114.027,1242,9570,Qualifying,2024,Belgian Grand Prix,Spa-Francorchamps,2024-07-27T14:00:00+00:00,spa francorchamps,,,
6,63,114.184,1242,9570,Qualifying,2024,Belgian Grand Prix,Spa-Francorchamps,2024-07-27T14:00:00+00:00,spa francorchamps,,,
7,55,114.477,1242,9570,Qualifying,2024,Belgian Grand Prix,Spa-Francorchamps,2024-07-27T14:00:00+00:00,spa francorchamps,,,
8,14,114.765,1242,9570,Qualifying,2024,Belgian Grand Prix,Spa-Francorchamps,2024-07-27T14:00:00+00:00,spa francorchamps,,,
9,31,114.81,1242,9570,Qualifying,2024,Belgian Grand Prix,Spa-Francorchamps,2024-07-27T14:00:00+00:00,spa francorchamps,,,
10,23,114.473,1242,9570,Qualifying,2024,Belgian Grand Prix,Spa-Francorchamps,2024-07-27T14:00:00+00:00,spa francorchamps,,,
11,1,113.159,1242,9570,Qualifying,2024,Belgian Grand Prix,Spa-Francorchamps,2024-07-27T14:00:00+00:00,spa francorchamps,,,
12,10,114.635,1242,9570,Qualifying,2024,Belgian Grand Prix,Spa-Francorchamps,2024-07-27T14:00:00+00:00,spa francorchamps,,,
13,3,114.682,1242,9570,Qualifying,2024,Belgian Grand Prix,Spa-Francorchamps,2024-07-27T14:00:00+00:00,spa francorchamps,,,
14,77,114.764,1242,9570,Qualifying,2024,Belgian Grand Prix,Spa-Francorchamps,2024-07-27T14:00:00+00:00,spa francorchamps,,,
15,18,115.716,1242,9570,Qualifying,2024,Belgian Grand Prix,Spa-Francorchamps,2024-07-27T14:00:00+00:00,spa francorchamps,,,
16,27,116.308,1242,9570,Qualifying,2024,Belgian Grand Prix,Spa-Francorchamps,2024-07-27T14:00:00+00:00,spa francorchamps,,,
17,20,116.5,1242,9570,Qualifying,2024,Belgian Grand Prix,Spa-Francorchamps,2024-07-27T14:00:00+00:00,spa francorchamps,,,
18,2,117.23,1242,9570,Qualifying,2024,Belgian Grand Prix,Spa-Francorchamps,2024-07-27T14:00:00+00:00,spa francorchamps,,,
19,24,117.775,1242,9570,Qualifying,2024,Belgian Grand Prix,Spa-Francorchamps,2024-07-27T14:00:00+00:00,spa francorchamps,,,
20,22,116.593,1242,9570,Qualifying,2024,Belgian Grand Prix,Spa-Francorchamps,2024-07-27T14:00:00+00:00,spa francorchamps,,,
1,4,69.673,1243,9578,Qualifying,2024,Dutch Grand Prix,Zandvoort,2024-08-24T13:00:00+00:00,zandvoort,,,
2,1,70.029,1243,9578,Qualifying,2024,Dutch Grand Prix,Zandvoort,2024-08-24T13:00:00+00:00,zandvoort,,,
3,81,70.172,1243,9578,Qualifying,2024,Dutch Grand Prix,Zandvoort,2024-08-24T13:00:00+00:00,zandvoort,,,
4,63,70.244,1243,9578,Qualifying,2024,Dutch Grand Prix,Zandvoort,2024-08-24T13:00:00+00:00,zandvoort,,,
5,11,70.416,1243,9578,Qualifying,2024,Dutch Grand Prix,Zandvoort,2024-08-24T13:00:00+00:00,zandvoort,,,
6,16,70.582,1243,9578,Qualifying,2024,Dutch Grand Prix,Zandvoort,2024-08-24T13:00:00+00:00,zandvoort,,,
7,14,70.633,1243,9578,Qualifying,2024,Dutch Grand Prix,Zandvoort,2024-08-24T13:00:00+00:00,zandvoort,,,
8,18,70.857,1243,9578,Qualifying,2024,Dutch Grand Prix,Zandvoort,2024-08-24T13:00:00+00:00,zandvoort,,,
9,10,70.977,1243,9578,Qualifying,2024,Dutch Grand Prix,Zandvoort,2024-08-24T13:00:00+00:00,zandvoort,,,
10,55,70.914,1243,9578,Qualifying,2024,Dutch Grand Prix,Zandvoort,2024-08-24T13:00:00+00:00,zandvoort,,,
11,22,70.955,1243,9578,Qualifying,2024,Dutch Grand Prix,Zandvoort,2024-08-24T13:00:00+00:00,zandvoort,,,
12,27,71.215,1243,9578,Qualifying,2024,Dutch Grand Prix,Zandvoort,2024-08-24T13:00:00+00:00,zandvoort,,,
13,3,71.943,1243,9578,Qualifying,2024,Dutch Grand Prix,Zandvoort,2024-08-24T13:00:00+00:00,zandvoort,,,
14,44,70.948,1243,9578,Qualifying,2024,Dutch Grand Prix,Zandvoort,2024-08-24T13:00:00+00:00,zandvoort,,,
15,31,71.995,1243,9578,Qualifying,2024,Dutch Grand Prix,Zandvoort,2024-08-24T13:00:00+00:00,zandvoort,,,
16,77,72.168,1243,9578,Qualifying,2024,Dutch Grand Prix,Zandvoort,2024-08-24T13:00:00+00:00,zandvoort,,,
17,24,73.261,1243,9578,Qualifying,2024,Dutch Grand Prix,Zandvoort,2024-08-24T13:00:00+00:00,zandvoort,,,
18,2,,1243,9578,Qualifying,2024,Dutch Grand Prix,Zandvoort,2024-08-24T13:00:00+00:00,zandvoort,,,
19,23,,1243,9578,Qualifying,2024,Dutch Grand Prix,Zandvoort,2024-08-24T13:00:00+00:00,zandvoort,,,
20,20,71.295,1243,9578,Qualifying,2024,Dutch Grand Prix,Zandvoort,2024-08-24T13:00:00+00:00,zandvoort,,,
1,4,79.327,1244,9586,Qualifying,2024,Italian Grand Prix,Monza,2024-08-31T14:00:00+00:00,monza,,,
2,81,79.436,1244,9586,Qualifying,2024,Italian Grand Prix,Monza,2024-08-31T14:00:00+00:00,monza,,,
3,63,79.44,1244,9586,Qualifying,2024,Italian Grand Prix,Monza,2024-08-31T14:00:00+00:00,monza,,,
4,16,79.461,1244,9586,Qualifying,2024,Italian Grand Prix,Monza,2024-08-31T14:00:00+00:00,monza,,,
5,55,79.467,1244,9586,Qualifying,2024,Italian Grand Prix,Monza,2024-08-31T14:00:00+00:00,monza,,,
6,44,79.513,1244,9586,Qualifying,2024,Italian Grand Prix,Monza,2024-08-31T14:00:00+00:00,monza,,,
7,1,80.022,1244,9586,Qualifying,2024,Italian Grand Prix,Monza,2024-08-31T14:00:00+00:00,monza,,,
8,11,80.062,1244,9586,Qualifying,2024,Italian Grand Prix,Monza,2024-08-31T14:00:00+00:00,monza,,,
9,23,80.299,1244,9586,Qualifying,2024,Italian Grand Prix,Monza,2024-08-31T14:00:00+00:00,monza,,,
10,27,80.339,1244,9586,Qualifying,2024,Italian Grand Prix,Monza,2024-08-31T14:00:00+00:00,monza,,,
11,14,80.421,1244,9586,Qualifying,2024,Italian Grand Prix,Monza,2024-08-31T14:00:00+00:00,monza,,,
12,3,80.479,1244,9586,Qualifying,2024,Italian Grand Prix,Monza,2024-08-31T14:00:00+00:00,monza,,,
13,20,80.698,1244,9586,Qualifying,2024,Italian Grand Prix,Monza,2024-08-31T14:00:00+00:00,monza,,,
14,10,80.738,1244,9586,Qualifying,2024,Italian Grand Prix,Monza,2024-08-31T14:00:00+00:00,monza,,,
15,31,80.766,1244,9586,Qualifying,2024,Italian Grand Prix,Monza,2024-08-31T14:00:00+00:00,monza,,,
16,22,80.945,1244,9586,Qualifying,2024,Italian Grand Prix,Monza,2024-08-31T14:00:00+00:00,monza,,,
17,18,81.013,1244,9586,Qualifying,2024,Italian Grand Prix,Monza,2024-08-31T14:00:00+00:00,monza,,,
18,43,81.061,1244,9586,Qualifying,2024,Italian Grand Prix,Monza,2024-08-31T14:00:00+00:00,monza,,,
19,77,81.101,1244,9586,Qualifying,2024,Italian Grand Prix,Monza,2024-08-31T14:00:00+00:00,monza,,,
20,24,81.445,1244,9586,Qualifying,2024,Italian Grand Prix,Monza,2024-08-31T14:00:00+00:00,monza,,,
1,16,101.365,1245,9594,Qualifying,2024,Azerbaijan Grand Prix,Baku,2024-09-14T12:00:00+00:00,baku,,,
2,81,101.686,1245,9594,Qualifying,2024,Azerbaijan Grand Prix,Baku,2024-09-14T12:00:00+00:00,baku,,,
3,55,101.805,1245,9594,Qualifying,2024,Azerbaijan Grand Prix,Baku,2024-09-14T12:00:00+00:00,baku,,,
4,11,101.813,1245,9594,Qualifying,2024,Azerbaijan Grand Prix,Baku,2024-09-14T12:00:00+00:00,baku,,,
5,63,101.874,1245,9594,Qualifying,2024,Azerbaijan Grand Prix,Baku,2024-09-14T12:00:00+00:00,baku,,,
6,1,102.023,1245,9594,Qualifying,2024,Azerbaijan Grand Prix,Baku,2024-09-14T12:00:00+00:00,baku,,,
7,14,102.369,1245,9594,Qualifying,2024,Azerbaijan Grand Prix,Baku,2024-09-14T12:00:00+00:00,baku,,,
8,43,102.53,1245,9594,Qualifying,2024,Azerbaijan Grand Prix,Baku,2024-09-14T12:00:00+00:00,baku,,,
9,23,102.859,1245,9594,Qualifying,2024,Azerbaijan Grand Prix,Baku,2024-09-14T12:00:00+00:00,baku,,,
10,50,102.968,1245,9594,Qualifying,2024,Azerbaijan Grand Prix,Baku,2024-09-14T12:00:00+00:00,baku,,,
11,22,103.035,1245,9594,Qualifying,2024,Azerbaijan Grand Prix,Baku,2024-09-14T12:00:00+00:00,baku,,,
12,27,103.191,1245,9594,Qualifying,2024,Azerbaijan Grand Prix,Baku,2024-09-14T12:00:00+00:00,baku,,,
13,18,103.404,1245,9594,Qualifying,2024,Azerbaijan Grand Prix,Baku,2024-09-14T12:00:00+00:00,baku,,,
14,3,103.547,1245,9594,Qualifying,2024,Azerbaijan Grand Prix,Baku,2024-09-14T12:00:00+00:00,baku,,,
15,4,103.609,1245,9594,Qualifying,2024,Azerbaijan Grand Prix,Baku,2024-09-14T12:00:00+00:00,baku,,,
16,77,103.618,1245,9594,Qualifying,2024,Azerbaijan Grand Prix,Baku,2024-09-14T12:00:00+00:00,baku,,,
17,24,104.246,1245,9594,Qualifying,2024,Azerbaijan Grand Prix,Baku,2024-09-14T12:00:00+00:00,baku,,,
18,10,,1245,9594,Qualifying,2024,Azerbaijan Grand Prix,Baku,2024-09-14T12:00:00+00:00,baku,,,
19,44,102.289,1245,9594,Qualifying,2024,Azerbaijan Grand Prix,Baku,2024-09-14T12:00:00+00:00,baku,,,
20,31,104.504,1245,9594,Qualifying,2024,Azerbaijan Grand Prix,Baku,2024-09-14T12:00:00+00:00,baku,,,
1,4,89.525,1246,9602,Qualifying,2024,Singapore Grand Prix,Singapore,2024-09-21T13:00:00+00:00,singapore,,,
2,1,89.728,1246,9602,Qualifying,2024,Singapore Grand Prix,Singapore,2024-09-21T13:00:00+00:00,singapore,,,
3,44,89.841,1246,9602,Qualifying,2024,Singapore Grand Prix,Singapore,2024-09-21T13:00:00+00:00,singapore,,,
4,63,89.867,1246,9602,Qualifying,2024,Singapore Grand Prix,Singapore,2024-09-21T13:00:00+00:00,singapore,,,
5,81,89.953,1246,9602,Qualifying,2024,Singapore Grand Prix,Singapore,2024-09-21T13:00:00+00:00,singapore,,,
6,27,90.115,1246,9602,Qualifying,2024,Singapore Grand Prix,Singapore,2024-09-21T13:00:00+00:00,singapore,,,
7,14,90.214,1246,9602,Qualifying,2024,Singapore Grand Prix,Singapore,2024-09-21T13:00:00+00:00,singapore,,,
8,22,90.354,1246,9602,Qualifying,2024,Singapore Grand Prix,Singapore,2024-09-21T13:00:00+00:00,singapore,,,
9,16,,1246,9602,Qualifying,2024,Singapore Grand Prix,Singapore,2024-09-21T13:00:00+00:00,singapore,,,
10,55,,1246,9602,Qualifying,2024,Singapore Grand Prix,Singapore,2024-09-21T13:00:00+00:00,singapore,,,
11,23,90.474,1246,9602,Qualifying,2024,Singapore Grand Prix,Singapore,2024-09-21T13:00:00+00:00,singapore,,,
12,43,90.481,1246,9602,Qualifying,2024,Singapore Grand Prix,Singapore,2024-09-21T13:00:00+00:00,singapore,,,
13,11,90.579,1246,9602,Qualifying,2024,Singapore Grand Prix,Singapore,2024-09-21T13:00:00+00:00,singapore,,,
14,20,90.653,1246,9602,Qualifying,2024,Singapore Grand Prix,Singapore,2024-09-21T13:00:00+00:00,singapore,,,
15,31,90.769,1246,9602,Qualifying,2024,Singapore Grand Prix,Singapore,2024-09-21T13:00:00+00:00,singapore,,,
16,3,91.085,1246,9602,Qualifying,2024,Singapore Grand Prix,Singapore,2024-09-21T13:00:00+00:00,singapore,,,
17,18,91.094,1246,9602,Qualifying,2024,Singapore Grand Prix,Singapore,2024-09-21T13:00:00+00:00,singapore,,,
18,10,91.312,1246,9602,Qualifying,2024,Singapore Grand Prix,Singapore,2024-09-21T13:00:00+00:00,singapore,,,
19,77,91.572,1246,9602,Qualifying,2024,Singapore Grand Prix,Singapore,2024-09-21T13:00:00+00:00,singapore,,,
20,24,92.054,1246,9602,Qualifying,2024,Singapore Grand Prix,Singapore,2024-09-21T13:00:00+00:00,singapore,,,
1,4,92.33,1247,9608,Qualifying,2024,United States Grand Prix,Austin,2024-10-19T22:00:00+00:00,austin,,,
2,1,92.361,1247,9608,Qualifying,2024,United States Grand Prix,Austin,2024-10-19T22:00:00+00:00,austin,,,
3,55,92.652,1247,9608,Qualifying,2024,United States Grand Prix,Austin,2024-10-19T22:00:00+00:00,austin,,,
4,16,92.74,1247,9608,Qualifying,2024,United States Grand Prix,Austin,2024-10-19T22:00:00+00:00,austin,,,
5,81,92.95,1247,9608,Qualifying,2024,United States Grand Prix,Austin,2024-10-19T22:00:00+00:00,austin,,,
6,10,93.018,1247,9608,Qualifying,2024,United States Grand Prix,Austin,2024-10-19T22:00:00+00:00,austin,,,
7,14,93.309,1247,9608,Qualifying,2024,United States Grand Prix,Austin,2024-10-19T22:00:00+00:00,austin,,,
8,20,93.481,1247,9608,Qualifying,2024,United States Grand Prix,Austin,2024-10-19T22:00:00+00:00,austin,,,
9,11,,1247,9608,Qualifying,2024,United States Grand Prix,Austin,2024-10-19T22:00:00+00:00,austin,,,
10,22,93.506,1247,9608,Qualifying,2024,United States Grand Prix,Austin,2024-10-19T22:00:00+00:00,austin,,,
11,27,93.544,1247,9608,Qualifying,2024,United States Grand Prix,Austin,2024-10-19T22:00:00+00:00,austin,,,
12,31,93.597,1247,9608,Qualifying,2024,United States Grand Prix,Austin,2024-10-19T22:00:00+00:00,austin,,,
13,18,93.759,1247,9608,Qualifying,2024,United States Grand Prix,Austin,2024-10-19T22:00:00+00:00,austin,,,
14,23,94.051,1247,9608,Qualifying,2024,United States Grand Prix,Austin,2024-10-19T22:00:00+00:00,austin,,,
15,43,94.062,1247,9608,Qualifying,2024,United States Grand Prix,Austin,2024-10-19T22:00:00+00:00,austin,,,
16,77,94.152,1247,9608,Qualifying,2024,United States Grand Prix,Austin,2024-10-19T22:00:00+00:00,austin,,,
17,44,94.154,1247,9608,Qualifying,2024,United States Grand Prix,Austin,2024-10-19T22:00:00+00:00,austin,,,
18,24,94.228,1247,9608,Qualifying,2024,United States Grand Prix,Austin,2024-10-19T22:00:00+00:00,austin,,,
19,30,,1247,9608,Qualifying,2024,United States Grand Prix,Austin,2024-10-19T22:00:00+00:00,austin,,,
20,63,92.974,1247,9608,Qualifying,2024,United States Grand Prix,Austin,2024-10-19T22:00:00+00:00,austin,,,
1,55,75.946,1248,9621,Qualifying,2024,Mexico City Grand Prix,Mexico City,2024-10-26T21:00:00+00:00,mexico city,,,
2,1,76.171,1248,9621,Qualifying,2024,Mexico City Grand Prix,Mexico City,2024-10-26T21:00:00+00:00,mexico city,,,
3,4,76.26,1248,9621,Qualifying,2024,Mexico City Grand Prix,Mexico City,2024-10-26T21:00:00+00:00,mexico city,,,
4,16,76.265,1248,9621,Qualifying,2024,Mexico City Grand Prix,Mexico City,2024-10-26T21:00:00+00:00,mexico city,,,
5,63,76.356,1248,9621,Qualifying,2024,Mexico City Grand Prix,Mexico City,2024-10-26T21:00:00+00:00,mexico city,,,
6,44,76.651,1248,9621,Qualifying,2024,Mexico City Grand Prix,Mexico City,2024-10-26T21:00:00+00:00,mexico city,,,
7,20,76.886,1248,9621,Qualifying,2024,Mexico City Grand Prix,Mexico City,2024-10-26T21:00:00+00:00,mexico city,,,
8,10,76.892,1248,9621,Qualifying,2024,Mexico City Grand Prix,Mexico City,2024-10-26T21:00:00+00:00,mexico city,,,
9,23,77.065,1248,9621,Qualifying,2024,Mexico City Grand Prix,Mexico City,2024-10-26T21:00:00+00:00,mexico city,,,
10,27,77.365,1248,9621,Qualifying,2024,Mexico City Grand Prix,Mexico City,2024-10-26T21:00:00+00:00,mexico city,,,
11,22,77.129,1248,9621,Qualifying,2024,Mexico City Grand Prix,Mexico City,2024-10-26T21:00:00+00:00,mexico city,,,
12,30,77.162,1248,9621,Qualifying,2024,Mexico City Grand Prix,Mexico City,2024-10-26T21:00:00+00:00,mexico city,,,
13,14,77.168,1248,9621,Qualifying,2024,Mexico City Grand Prix,Mexico City,2024-10-26T21:00:00+00:00,mexico city,,,
14,18,77.294,1248,9621,Qualifying,2024,Mexico City Grand Prix,Mexico City,2024-10-26T21:00:00+00:00,mexico city,,,
15,77,77.817,1248,9621,Qualifying,2024,Mexico City Grand Prix,Mexico City,2024-10-26T21:00:00+00:00,mexico city,,,
16,43,77.558,1248,9621,Qualifying,2024,Mexico City Grand Prix,Mexico City,2024-10-26T21:00:00+00:00,mexico city,,,
17,81,77.597,1248,9621,Qualifying,2024,Mexico City Grand Prix,Mexico City,2024-10-26T21:00:00+00:00,mexico city,,,
18,11,77.611,1248,9621,Qualifying,2024,Mexico City Grand Prix,Mexico City,2024-10-26T21:00:00+00:00,mexico city,,,
19,24,78.072,1248,9621,Qualifying,2024,Mexico City Grand Prix,Mexico City,2024-10-26T21:00:00+00:00,mexico city,,,
20,31,77.617,1248,9621,Qualifying,2024,Mexico City Grand Prix,Mexico City,2024-10-26T21:00:00+00:00,mexico city,,,
1,4,83.405,1249,9627,Qualifying,2024,São Paulo Grand Prix,Interlagos,2024-11-03T10:30:00+00:00,interlagos,,,
2,63,83.578,1249,9627,Qualifying,2024,São Paulo Grand Prix,Interlagos,2024-11-03T10:30:00+00:00,interlagos,,,
3,22,84.111,1249,9627,Qualifying,2024,São Paulo Grand Prix,Interlagos,2024-11-03T10:30:00+00:00,interlagos,,,
4,31,84.475,1249,9627,Qualifying,2024,São Paulo Grand Prix,Interlagos,2024-11-03T10:30:00+00:00,interlagos,,,
5,30,84.484,1249,9627,Qualifying,2024,São Paulo Grand Prix,Interlagos,2024-11-03T10:30:00+00:00,interlagos,,,
6,16,84.525,1249,9627,Qualifying,2024,São Paulo Grand Prix,Interlagos,2024-11-03T10:30:00+00:00,interlagos,,,
7,23,84.657,1249,9627,Qualifying,2024,São Paulo Grand Prix,Interlagos,2024-11-03T10:30:00+00:00,interlagos,,,
8,81,84.686,1249,9627,Qualifying,2024,São Paulo Grand Prix,Interlagos,2024-11-03T10:30:00+00:00,interlagos,,,
9,14,88.998,1249,9627,Qualifying,2024,São Paulo Grand Prix,Interlagos,2024-11-03T10:30:00+00:00,interlagos,,,
10,18,,1249,9627,Qualifying,2024,São Paulo Grand Prix,Interlagos,2024-11-03T10:30:00+00:00,interlagos,,,
11,77,86.472,1249,9627,Qualifying,2024,São Paulo Grand Prix,Interlagos,2024-11-03T10:30:00+00:00,interlagos,,,
12,11,88.158,1249,9627,Qualifying,2024,São Paulo Grand Prix,Interlagos,2024-11-03T10:30:00+00:00,interlagos,,,
13,10,89.614,1249,9627,Qualifying,2024,São Paulo Grand Prix,Interlagos,2024-11-03T10:30:00+00:00,interlagos,,,
14,44,91.15,1249,9627,Qualifying,2024,São Paulo Grand Prix,Interlagos,2024-11-03T10:30:00+00:00,interlagos,,,
15,50,91.229,1249,9627,Qualifying,2024,São Paulo Grand Prix,Interlagos,2024-11-03T10:30:00+00:00,interlagos,,,
16,43,91.27,1249,9627,Qualifying,2024,São Paulo Grand Prix,Interlagos,2024-11-03T10:30:00+00:00,interlagos,,,
17,1,87.771,1249,9627,Qualifying,2024,São Paulo Grand Prix,Interlagos,2024-11-03T10:30:00+00:00,interlagos,,,
18,27,91.623,1249,9627,Qualifying,2024,São Paulo Grand Prix,Interlagos,2024-11-03T10:30:00+00:00,interlagos,,,
19,24,92.263,1249,9627,Qualifying,2024,São Paulo Grand Prix,Interlagos,2024-11-03T10:30:00+00:00,interlagos,,,
20,55,89.406,1249,9627,Qualifying,2024,São Paulo Grand Prix,Interlagos,2024-11-03T10:30:00+00:00,interlagos,,,
1,63,92.312,1250,9640,Qualifying,2024,Las Vegas Grand Prix,Las Vegas,2024-11-23T06:00:00+00:00,las vegas,,,
2,55,92.41,1250,9640,Qualifying,2024,Las Vegas Grand Prix,Las Vegas,2024-11-23T06:00:00+00:00,las vegas,,,
3,10,92.664,1250,9640,Qualifying,2024,Las Vegas Grand Prix,Las Vegas,2024-11-23T06:00:00+00:00,las vegas,,,
4,16,92.783,1250,9640,Qualifying,2024,Las Vegas Grand Prix,Las Vegas,2024-11-23T06:00:00+00:00,las vegas,,,
5,1,92.797,1250,9640,Qualifying,2024,Las Vegas Grand Prix,Las Vegas,2024-11-23T06:00:00+00:00,las vegas,,,
6,4,93.008,1250,9640,Qualifying,2024,Las Vegas Grand Prix,Las Vegas,2024-11-23T06:00:00+00:00,las vegas,,,
7,22,93.029,1250,9640,Qualifying,2024,Las Vegas Grand Prix,Las Vegas,2024-11-23T06:00:00+00:00,las vegas,,,
8,81,93.033,1250,9640,Qualifying,2024,Las Vegas Grand Prix,Las Vegas,2024-11-23T06:00:00+00:00,las vegas,,,
9,27,93.062,1250,9640,Qualifying,2024,Las Vegas Grand Prix,Las Vegas,2024-11-23T06:00:00+00:00,las vegas,,,
10,44,108.106,1250,9640,Qualifying,2024,Las Vegas Grand Prix,Las Vegas,2024-11-23T06:00:00+00:00,las vegas,,,
11,31,93.221,1250,9640,Qualifying,2024,Las Vegas Grand Prix,Las Vegas,2024-11-23T06:00:00+00:00,las vegas,,,
12,20,93.297,1250,9640,Qualifying,2024,Las Vegas Grand Prix,Las Vegas,2024-11-23T06:00:00+00:00,las vegas,,,
13,24,93.566,1250,9640,Qualifying,2024,Las Vegas Grand Prix,Las Vegas,2024-11-23T06:00:00+00:00,las vegas,,,
14,30,94.257,1250,9640,Qualifying,2024,Las Vegas Grand Prix,Las Vegas,2024-11-23T06:00:00+00:00,las vegas,,,
15,11,94.155,1250,9640,Qualifying,2024,Las Vegas Grand Prix,Las Vegas,2024-11-23T06:00:00+00:00,las vegas,,,
16,14,94.258,1250,9640,Qualifying,2024,Las Vegas Grand Prix,Las Vegas,2024-11-23T06:00:00+00:00,las vegas,,,
17,23,94.425,1250,9640,Qualifying,2024,Las Vegas Grand Prix,Las Vegas,2024-11-23T06:00:00+00:00,las vegas,,,
18,18,94.484,1250,9640,Qualifying,2024,Las Vegas Grand Prix,Las Vegas,2024-11-23T06:00:00+00:00,las vegas,,,
19,77,94.43,1250,9640,Qualifying,2024,Las Vegas Grand Prix,Las Vegas,2024-11-23T06:00:00+00:00,las vegas,,,
20,43,93.749,1250,9640,Qualifying,2024,Las Vegas Grand Prix,Las Vegas,2024-11-23T06:00:00+00:00,las vegas,,,
1,63,80.575,1251,9646,Qualifying,2024,Qatar Grand Prix,Lusail,2024-11-30T18:00:00+00:00,lusail,,,
2,1,80.52,1251,9646,Qualifying,2024,Qatar Grand Prix,Lusail,2024-11-30T18:00:00+00:00,lusail,,,
3,4,80.772,1251,9646,Qualifying,2024,Qatar Grand Prix,Lusail,2024-11-30T18:00:00+00:00,lusail,,,
4,81,80.829,1251,9646,Qualifying,2024,Qatar Grand Prix,Lusail,2024-11-30T18:00:00+00:00,lusail,,,
5,16,80.852,1251,9646,Qualifying,2024,Qatar Grand Prix,Lusail,2024-11-30T18:00:00+00:00,lusail,,,
6,44,81.011,1251,9646,Qualifying,2024,Qatar Grand Prix,Lusail,2024-11-30T18:00:00+00:00,lusail,,,
7,55,81.041,1251,9646,Qualifying,2024,Qatar Grand Prix,Lusail,2024-11-30T18:00:00+00:00,lusail,,,
8,14,81.251,1251,9646,Qualifying,2024,Qatar Grand Prix,Lusail,2024-11-30T18:00:00+00:00,lusail,,,
9,11,81.425,1251,9646,Qualifying,2024,Qatar Grand Prix,Lusail,2024-11-30T18:00:00+00:00,lusail,,,
10,20,81.5,1251,9646,Qualifying,2024,Qatar Grand Prix,Lusail,2024-11-30T18:00:00+00:00,lusail,,,
11,10,81.437,1251,9646,Qualifying,2024,Qatar Grand Prix,Lusail,2024-11-30T18:00:00+00:00,lusail,,,
12,24,81.501,1251,9646,Qualifying,2024,Qatar Grand Prix,Lusail,2024-11-30T18:00:00+00:00,lusail,,,
13,77,81.731,1251,9646,Qualifying,2024,Qatar Grand Prix,Lusail,2024-11-30T18:00:00+00:00,lusail,,,
14,22,81.771,1251,9646,Qualifying,2024,Qatar Grand Prix,Lusail,2024-11-30T18:00:00+00:00,lusail,,,
15,18,81.911,1251,9646,Qualifying,2024,Qatar Grand Prix,Lusail,2024-11-30T18:00:00+00:00,lusail,,,
16,23,82.39,1251,9646,Qualifying,2024,Qatar Grand Prix,Lusail,2024-11-30T18:00:00+00:00,lusail,,,
17,30,82.411,1251,9646,Qualifying,2024,Qatar Grand Prix,Lusail,2024-11-30T18:00:00+00:00,lusail,,,
18,27,82.442,1251,9646,Qualifying,2024,Qatar Grand Prix,Lusail,2024-11-30T18:00:00+00:00,lusail,,,
19,43,82.594,1251,9646,Qualifying,2024,Qatar Grand Prix,Lusail,2024-11-30T18:00:00+00:00,lusail,,,
20,31,82.714,1251,9646,Qualifying,2024,Qatar Grand Prix,Lusail,2024-11-30T18:00:00+00:00,lusail,,,
1,4,82.595,1252,9658,Qualifying,2024,Abu Dhabi Grand Prix,Yas Marina Circuit,2024-12-07T14:00:00+00:00,yas marina circuit,,,
2,81,82.804,1252,9658,Qualifying,2024,Abu Dhabi Grand Prix,Yas Marina Circuit,2024-12-07T14:00:00+00:00,yas marina circuit,,,
3,55,82.824,1252,9658,Qualifying,2024,Abu Dhabi Grand Prix,Yas Marina Circuit,2024-12-07T14:00:00+00:00,yas marina circuit,,,
4,1,82.945,1252,9658,Qualifying,2024,Abu Dhabi Grand Prix,Yas Marina Circuit,2024-12-07T14:00:00+00:00,yas marina circuit,,,
5,10,82.984,1252,9658,Qualifying,2024,Abu Dhabi Grand Prix,Yas Marina Circuit,2024-12-07T14:00:00+00:00,yas marina circuit,,,
6,63,83.132,1252,9658,Qualifying,2024,Abu Dhabi Grand Prix,Yas Marina Circuit,2024-12-07T14:00:00+00:00,yas marina circuit,,,
7,27,82.886,1252,9658,Qualifying,2024,Abu Dhabi Grand Prix,Yas Marina Circuit,2024-12-07T14:00:00+00:00,yas marina circuit,,,
8,14,83.196,1252,9658,Qualifying,2024,Abu Dhabi Grand Prix,Yas Marina Circuit,2024-12-07T14:00:00+00:00,yas marina circuit,,,
9,77,83.204,1252,9658,Qualifying,2024,Abu Dhabi Grand Prix,Yas Marina Circuit,2024-12-07T14:00:00+00:00,yas marina circuit,,,
10,11,83.264,1252,9658,Qualifying,2024,Abu Dhabi Grand Prix,Yas Marina Circuit,2024-12-07T14:00:00+00:00,yas marina circuit,,,
11,22,83.419,1252,9658,Qualifying,2024,Abu Dhabi Grand Prix,Yas Marina Circuit,2024-12-07T14:00:00+00:00,yas marina circuit,,,
12,30,83.472,1252,9658,Qualifying,2024,Abu Dhabi Grand Prix,Yas Marina Circuit,2024-12-07T14:00:00+00:00,yas marina circuit,,,
13,18,83.784,1252,9658,Qualifying,2024,Abu Dhabi Grand Prix,Yas Marina Circuit,2024-12-07T14:00:00+00:00,yas marina circuit,,,
14,20,83.877,1252,9658,Qualifying,2024,Abu Dhabi Grand Prix,Yas Marina Circuit,2024-12-07T14:00:00+00:00,yas marina circuit,,,
15,24,83.88,1252,9658,Qualifying,2024,Abu Dhabi Grand Prix,Yas Marina Circuit,2024-12-07T14:00:00+00:00,yas marina circuit,,,
16,44,83.887,1252,9658,Qualifying,2024,Abu Dhabi Grand Prix,Yas Marina Circuit,2024-12-07T14:00:00+00:00,yas marina circuit,,,
17,61,84.105,1252,9658,Qualifying,2024,Abu Dhabi Grand Prix,Yas Marina Circuit,2024-12-07T14:00:00+00:00,yas marina circuit,,,
18,23,83.821,1252,9658,Qualifying,2024,Abu Dhabi Grand Prix,Yas Marina Circuit,2024-12-07T14:00:00+00:00,yas marina circuit,,,
19,16,83.833,1252,9658,Qualifying,2024,Abu Dhabi Grand Prix,Yas Marina Circuit,2024-12-07T14:00:00+00:00,yas marina circuit,,,
20,43,83.912,1252,9658,Qualifying,2024,Abu Dhabi Grand Prix,Yas Marina Circuit,2024-12-07T14:00:00+00:00,yas marina circuit,,,
